Isolate,aac(3)-IId,aac(3)-IIe,aac(6')-Ib-cr5,aac(6')-Ib3,aadA1,aadA2,aadA22,aadA5,aph(3'')-Ib,aph(3')-Ia,aph(6)-Id,ampC_C-42T,ampC_T-32A,blaCMY,blaCTX-M-14,blaCTX-M-15,blaCTX-M-27,blaCTX-M-3,blaCTX-M-55,blaDHA-1,blaEC,blaEC-5,blaOXA-1,blaSHV-12,blaTEM,blaTEM-1,ftsI_I336IKYRI,acrF,mdtM,marR_S3N,arr,arr-2,catA1,catA2,catB3,cmlA1,floR,cyaA_S352T,dfrA1,dfrA12,dfrA14,dfrA17,dfrA19,dfrA5,dfrA7,dfrA8,erm(B),mph(A),glpT_E448K,uhpT_E350Q,ptsI_V25I,gyrA_D87N,gyrA_D87Y,gyrA_S83L,parC_A56T,parC_E84G,parC_E84V,parC_S57T,parC_S80I,parC_S80R,parE_E460K,parE_I529L,parE_L416F,parE_L445H,parE_S458A,qnrB19,qnrB2,qnrB4,qnrS1,lnu(F),nfsA_Q44STOP,mcr-9.1,pmrB_E123D,pmrB_Y358N,sat2,sul1,sul2,sul3,tet(A),tet(B),tet(D),tet(M)
EC62,not present,not present,not present,not present,not present,not present,not present,not present,not present,not present,not present,not present,not present,not present,not present,not present,not present,not present,not present,not present,BETA-LACTAM,not present,not present,not present,not present,BETA-LACTAM,not present,MULTIDRUG EFFLUX,MULTIDRUG EFFLUX,not present,not present,not present,not present,not present,not present,not present,not present,not present,not present,not present,not present,not present,not present,not present,not present,not present,not present,not present,FOSFOMYCIN,FOSFOMYCIN,FOSFOMYCIN,QUINOLONE,not present,QUINOLONE,not present,not present,not present,not present,QUINOLONE,not present,not present,not present,not present,QUINOLONE,not present,not present,not present,not present,not present,not present,not present,not present,COLISTIN,not present,not present,not present,not present,not present,not present,TETRACYCLINE,not present,not present
EC1,not present,not present,not present,not present,not present,not present,not present,not present,not present,not present,not present,not present,not present,not present,not present,not present,not present,not present,not present,not present,BETA-LACTAM,not present,not present,not present,not present,BETA-LACTAM,not present,MULTIDRUG EFFLUX,MULTIDRUG EFFLUX,not present,not present,not present,not present,not present,not present,not present,not present,not present,not present,not present,not present,not present,not present,not present,not present,not present,not present,not present,FOSFOMYCIN,FOSFOMYCIN,FOSFOMYCIN,QUINOLONE,not present,QUINOLONE,not present,not present,not present,not present,QUINOLONE,not present,not present,not present,not present,QUINOLONE,not present,not present,not present,not present,not present,not present,not present,not present,COLISTIN,not present,not present,not present,not present,not present,not present,TETRACYCLINE,not present,not present
EC90,not present,not present,not present,not present,not present,not present,not present,not present,not present,not present,not present,not present,not present,not present,not present,BETA-LACTAM,not present,not present,not present,not present,BETA-LACTAM,not present,not present,not present,not present,not present,not present,MULTIDRUG EFFLUX,MULTIDRUG EFFLUX,not present,not present,not present,not present,not present,not present,not present,not present,not present,not present,not present,not present,not present,not present,not present,not present,not present,not present,not present,FOSFOMYCIN,FOSFOMYCIN,FOSFOMYCIN,not present,QUINOLONE,QUINOLONE,not present,not present,QUINOLONE,not present,QUINOLONE,not present,not present,QUINOLONE,not present,not present,not present,not present,not present,not present,not present,not present,not present,not present,COLISTIN,not present,not present,not present,not present,not present,not present,not present,not present,not present
EC89,not present,not present,not present,not present,not present,not present,not present,not present,not present,not present,not present,not present,not present,not present,not present,BETA-LACTAM,not present,not present,not present,not present,BETA-LACTAM,not present,not present,not present,not present,not present,not present,MULTIDRUG EFFLUX,MULTIDRUG EFFLUX,not present,not present,not present,not present,not present,not present,not present,not present,not present,not present,not present,not present,not present,not present,not present,not present,not present,not present,not present,FOSFOMYCIN,FOSFOMYCIN,FOSFOMYCIN,not present,QUINOLONE,QUINOLONE,not present,not present,QUINOLONE,not present,QUINOLONE,not present,not present,QUINOLONE,not present,not present,not present,not present,not present,not present,not present,not present,not present,not present,COLISTIN,not present,not present,not present,not present,not present,not present,not present,not present,not present
EC68,not present,not present,not present,not present,not present,not present,not present,AMINOGLYCOSIDE,not present,not present,not present,not present,not present,not present,not present,BETA-LACTAM,not present,not present,not present,not present,BETA-LACTAM,not present,not present,not present,not present,not present,not present,MULTIDRUG EFFLUX,MULTIDRUG EFFLUX,not present,not present,not present,not present,not present,not present,not present,not present,not present,not present,not present,not present,TRIMETHOPRIM,not present,not present,not present,not present,MACROLIDE,MACROLIDE,FOSFOMYCIN,FOSFOMYCIN,FOSFOMYCIN,not present,QUINOLONE,QUINOLONE,not present,not present,QUINOLONE,not present,QUINOLONE,not present,not present,QUINOLONE,not present,not present,not present,not present,not present,not present,not present,not present,not present,not present,COLISTIN,not present,not present,SULFONAMIDE,not present,not present,not present,not present,not present,not present
EC18,AMINOGLYCOSIDE,not present,not present,not present,not present,AMINOGLYCOSIDE,not present,not present,not present,not present,not present,not present,not present,not present,not present,BETA-LACTAM,not present,not present,not present,not present,BETA-LACTAM,not present,not present,not present,not present,BETA-LACTAM,not present,MULTIDRUG EFFLUX,not present,not present,not present,not present,not present,not present,not present,not present,not present,not present,not present,TRIMETHOPRIM,not present,not present,not present,not present,not present,not present,not present,not present,FOSFOMYCIN,FOSFOMYCIN,FOSFOMYCIN,not present,not present,QUINOLONE,not present,not present,not present,not present,not present,QUINOLONE,not present,QUINOLONE,not present,not present,not present,not present,not present,not present,not present,not present,not present,not present,COLISTIN,not present,not present,SULFONAMIDE,not present,not present,not present,not present,not present,not present
EC43,not present,not present,not present,not present,not present,not present,not present,AMINOGLYCOSIDE,not present,not present,not present,not present,not present,not present,not present,not present,not present,not present,not present,not present,BETA-LACTAM,not present,not present,not present,not present,BETA-LACTAM,not present,MULTIDRUG EFFLUX,MULTIDRUG EFFLUX,not present,not present,not present,not present,not present,not present,not present,not present,not present,not present,not present,not present,TRIMETHOPRIM,not present,not present,not present,not present,MACROLIDE,MACROLIDE,FOSFOMYCIN,FOSFOMYCIN,FOSFOMYCIN,QUINOLONE,not present,QUINOLONE,not present,not present,QUINOLONE,not present,QUINOLONE,not present,not present,QUINOLONE,not present,not present,not present,not present,not present,not present,not present,not present,not present,not present,COLISTIN,not present,not present,SULFONAMIDE,SULFONAMIDE,not present,not present,not present,not present,not present
EC79,not present,not present,not present,not present,not present,not present,not present,not present,not present,not present,not present,not present,not present,not present,not present,BETA-LACTAM,not present,not present,not present,not present,BETA-LACTAM,not present,not present,not present,not present,not present,not present,MULTIDRUG EFFLUX,MULTIDRUG EFFLUX,not present,not present,not present,not present,not present,not present,not present,not present,not present,not present,not present,not present,not present,not present,not present,not present,not present,not present,not present,FOSFOMYCIN,FOSFOMYCIN,FOSFOMYCIN,QUINOLONE,not present,QUINOLONE,not present,not present,QUINOLONE,not present,QUINOLONE,not present,not present,QUINOLONE,not present,not present,not present,not present,not present,not present,not present,not present,not present,not present,COLISTIN,not present,not present,not present,not present,not present,not present,not present,not present,not present
EC71,not present,not present,not present,not present,not present,not present,not present,not present,not present,not present,not present,not present,not present,not present,not present,not present,not present,not present,not present,not present,BETA-LACTAM,not present,not present,not present,BETA-LACTAM,not present,not present,MULTIDRUG EFFLUX,MULTIDRUG EFFLUX,not present,not present,not present,not present,not present,not present,not present,not present,not present,not present,not present,not present,not present,not present,not present,not present,not present,not present,not present,FOSFOMYCIN,FOSFOMYCIN,FOSFOMYCIN,QUINOLONE,not present,QUINOLONE,not present,not present,QUINOLONE,not present,QUINOLONE,not present,not present,QUINOLONE,not present,not present,not present,not present,not present,not present,not present,not present,not present,not present,COLISTIN,not present,not present,not present,not present,not present,not present,not present,not present,not present
EC49,not present,not present,not present,not present,not present,not present,not present,AMINOGLYCOSIDE,not present,not present,not present,not present,not present,not present,not present,not present,not present,not present,not present,not present,BETA-LACTAM,not present,not present,not present,not present,BETA-LACTAM,not present,MULTIDRUG EFFLUX,MULTIDRUG EFFLUX,not present,not present,not present,not present,not present,not present,not present,not present,not present,not present,not present,not present,TRIMETHOPRIM,not present,not present,not present,not present,not present,MACROLIDE,FOSFOMYCIN,FOSFOMYCIN,FOSFOMYCIN,QUINOLONE,not present,QUINOLONE,not present,not present,QUINOLONE,not present,QUINOLONE,not present,not present,QUINOLONE,not present,not present,not present,not present,not present,not present,not present,not present,not present,not present,COLISTIN,not present,not present,SULFONAMIDE,not present,not present,not present,not present,not present,not present
EC83,not present,not present,not present,not present,not present,not present,not present,not present,not present,not present,not present,not present,not present,not present,not present,not present,not present,not present,not present,not present,BETA-LACTAM,not present,not present,not present,not present,BETA-LACTAM,not present,MULTIDRUG EFFLUX,MULTIDRUG EFFLUX,not present,not present,not present,not present,not present,not present,not present,not present,not present,not present,not present,not present,not present,not present,not present,not present,not present,not present,not present,FOSFOMYCIN,FOSFOMYCIN,FOSFOMYCIN,QUINOLONE,not present,QUINOLONE,not present,not present,QUINOLONE,not present,QUINOLONE,not present,not present,QUINOLONE,not present,not present,not present,not present,not present,not present,not present,not present,not present,not present,COLISTIN,not present,not present,not present,not present,not present,not present,not present,not present,not present
EC85,not present,not present,not present,not present,not present,not present,not present,AMINOGLYCOSIDE,AMINOGLYCOSIDE,not present,AMINOGLYCOSIDE,not present,not present,not present,not present,not present,not present,not present,not present,not present,BETA-LACTAM,not present,not present,not present,not present,BETA-LACTAM,not present,MULTIDRUG EFFLUX,MULTIDRUG EFFLUX,not present,not present,not present,not present,not present,not present,not present,not present,not present,not present,not present,not present,TRIMETHOPRIM,not present,not present,not present,not present,not present,MACROLIDE,FOSFOMYCIN,FOSFOMYCIN,FOSFOMYCIN,QUINOLONE,not present,QUINOLONE,not present,not present,QUINOLONE,not present,QUINOLONE,not present,not present,QUINOLONE,not present,not present,not present,not present,not present,not present,not present,not present,not present,not present,COLISTIN,not present,not present,SULFONAMIDE,SULFONAMIDE,not present,TETRACYCLINE,not present,not present,not present
EC74,AMINOGLYCOSIDE,not present,not present,not present,not present,not present,not present,not present,not present,not present,not present,not present,not present,not present,not present,not present,not present,not present,not present,not present,BETA-LACTAM,not present,not present,not present,not present,BETA-LACTAM,not present,MULTIDRUG EFFLUX,MULTIDRUG EFFLUX,not present,not present,not present,not present,not present,not present,not present,not present,not present,not present,not present,not present,not present,not present,not present,not present,not present,not present,not present,FOSFOMYCIN,FOSFOMYCIN,FOSFOMYCIN,QUINOLONE,not present,QUINOLONE,not present,not present,QUINOLONE,not present,QUINOLONE,not present,not present,QUINOLONE,not present,not present,not present,not present,not present,not present,not present,not present,not present,not present,COLISTIN,not present,not present,not present,not present,not present,not present,not present,not present,not present
EC29,not present,not present,not present,not present,not present,not present,not present,not present,AMINOGLYCOSIDE,not present,AMINOGLYCOSIDE,not present,BETA-LACTAM,not present,not present,not present,not present,not present,not present,not present,BETA-LACTAM,not present,not present,not present,not present,BETA-LACTAM,not present,MULTIDRUG EFFLUX,MULTIDRUG EFFLUX,not present,not present,not present,not present,not present,not present,not present,not present,not present,not present,not present,not present,not present,not present,not present,not present,not present,not present,not present,FOSFOMYCIN,FOSFOMYCIN,FOSFOMYCIN,QUINOLONE,not present,QUINOLONE,not present,not present,QUINOLONE,not present,QUINOLONE,not present,not present,QUINOLONE,not present,not present,not present,not present,not present,not present,not present,not present,not present,not present,COLISTIN,not present,not present,not present,not present,not present,not present,not present,not present,not present
EC3,not present,not present,not present,not present,not present,not present,not present,not present,not present,not present,not present,not present,not present,not present,not present,not present,not present,not present,not present,not present,BETA-LACTAM,not present,not present,not present,not present,BETA-LACTAM,not present,MULTIDRUG EFFLUX,MULTIDRUG EFFLUX,not present,not present,not present,not present,not present,not present,not present,not present,not present,not present,not present,not present,not present,not present,not present,not present,not present,not present,not present,FOSFOMYCIN,FOSFOMYCIN,FOSFOMYCIN,QUINOLONE,not present,QUINOLONE,not present,not present,QUINOLONE,not present,QUINOLONE,not present,not present,QUINOLONE,not present,not present,not present,not present,not present,not present,not present,not present,not present,not present,COLISTIN,not present,not present,not present,not present,not present,not present,not present,not present,not present
EC15,not present,not present,not present,not present,not present,not present,not present,not present,not present,not present,not present,not present,not present,not present,not present,not present,not present,not present,not present,not present,BETA-LACTAM,not present,not present,not present,not present,not present,not present,MULTIDRUG EFFLUX,MULTIDRUG EFFLUX,not present,not present,not present,not present,not present,not present,not present,not present,not present,not present,not present,not present,not present,not present,not present,not present,not present,not present,not present,FOSFOMYCIN,FOSFOMYCIN,FOSFOMYCIN,QUINOLONE,not present,QUINOLONE,not present,not present,QUINOLONE,not present,QUINOLONE,not present,not present,QUINOLONE,not present,not present,not present,not present,not present,not present,not present,not present,not present,not present,COLISTIN,not present,not present,not present,not present,not present,not present,not present,not present,not present
EC12,not present,not present,not present,not present,not present,not present,not present,AMINOGLYCOSIDE,AMINOGLYCOSIDE,not present,AMINOGLYCOSIDE,not present,not present,not present,not present,BETA-LACTAM,not present,not present,not present,not present,BETA-LACTAM,not present,not present,not present,not present,not present,not present,MULTIDRUG EFFLUX,MULTIDRUG EFFLUX,not present,not present,not present,not present,not present,not present,not present,not present,not present,not present,not present,not present,TRIMETHOPRIM,not present,not present,not present,not present,not present,MACROLIDE,FOSFOMYCIN,FOSFOMYCIN,FOSFOMYCIN,QUINOLONE,not present,QUINOLONE,not present,not present,QUINOLONE,not present,QUINOLONE,not present,not present,QUINOLONE,not present,not present,not present,not present,not present,not present,not present,not present,not present,not present,COLISTIN,not present,not present,SULFONAMIDE,SULFONAMIDE,not present,TETRACYCLINE,not present,not present,not present
EC107,not present,not present,not present,not present,not present,not present,not present,not present,not present,not present,not present,not present,not present,not present,not present,not present,not present,not present,not present,not present,BETA-LACTAM,not present,not present,not present,not present,not present,not present,MULTIDRUG EFFLUX,MULTIDRUG EFFLUX,not present,not present,not present,not present,not present,not present,not present,not present,not present,not present,not present,not present,not present,not present,not present,not present,not present,not present,not present,FOSFOMYCIN,FOSFOMYCIN,FOSFOMYCIN,QUINOLONE,not present,QUINOLONE,not present,not present,QUINOLONE,not present,QUINOLONE,not present,not present,QUINOLONE,not present,not present,not present,not present,not present,not present,not present,not present,not present,not present,COLISTIN,not present,not present,not present,not present,not present,not present,not present,not present,not present
EC11,not present,not present,not present,not present,not present,not present,not present,not present,not present,not present,not present,not present,not present,not present,not present,not present,not present,not present,not present,not present,BETA-LACTAM,not present,not present,not present,not present,BETA-LACTAM,not present,MULTIDRUG EFFLUX,MULTIDRUG EFFLUX,not present,not present,not present,not present,not present,not present,not present,not present,not present,not present,not present,not present,not present,not present,not present,not present,not present,not present,not present,FOSFOMYCIN,FOSFOMYCIN,FOSFOMYCIN,QUINOLONE,not present,QUINOLONE,not present,not present,QUINOLONE,not present,QUINOLONE,not present,not present,QUINOLONE,not present,not present,not present,not present,not present,not present,not present,not present,NITROFURAN,not present,COLISTIN,not present,not present,not present,not present,not present,not present,not present,not present,not present
EC72,not present,not present,not present,not present,not present,not present,not present,not present,not present,not present,not present,not present,not present,not present,not present,not present,not present,not present,not present,not present,BETA-LACTAM,not present,not present,not present,BETA-LACTAM,not present,not present,MULTIDRUG EFFLUX,MULTIDRUG EFFLUX,not present,not present,not present,not present,not present,not present,not present,not present,not present,not present,not present,not present,not present,not present,not present,not present,not present,not present,not present,FOSFOMYCIN,FOSFOMYCIN,FOSFOMYCIN,QUINOLONE,not present,QUINOLONE,not present,not present,QUINOLONE,not present,QUINOLONE,not present,not present,QUINOLONE,not present,not present,not present,not present,not present,not present,not present,not present,not present,not present,COLISTIN,not present,not present,not present,not present,not present,not present,not present,not present,not present
EC84,not present,not present,not present,not present,not present,not present,not present,not present,not present,not present,not present,not present,not present,not present,not present,not present,not present,not present,not present,not present,BETA-LACTAM,not present,not present,not present,not present,not present,not present,MULTIDRUG EFFLUX,MULTIDRUG EFFLUX,not present,not present,not present,not present,not present,not present,not present,not present,not present,not present,not present,not present,not present,not present,not present,not present,not present,not present,not present,FOSFOMYCIN,FOSFOMYCIN,FOSFOMYCIN,QUINOLONE,not present,QUINOLONE,not present,not present,QUINOLONE,not present,QUINOLONE,not present,not present,QUINOLONE,not present,not present,not present,not present,not present,not present,not present,not present,not present,not present,COLISTIN,not present,not present,not present,not present,not present,not present,not present,not present,not present
EC40,not present,not present,not present,not present,not present,not present,not present,AMINOGLYCOSIDE,AMINOGLYCOSIDE,not present,AMINOGLYCOSIDE,not present,not present,not present,not present,not present,not present,not present,not present,not present,BETA-LACTAM,not present,not present,not present,not present,BETA-LACTAM,not present,MULTIDRUG EFFLUX,MULTIDRUG EFFLUX,not present,not present,not present,not present,not present,not present,not present,not present,not present,not present,not present,not present,TRIMETHOPRIM,not present,not present,not present,not present,not present,MACROLIDE,FOSFOMYCIN,FOSFOMYCIN,FOSFOMYCIN,QUINOLONE,not present,QUINOLONE,not present,not present,QUINOLONE,not present,QUINOLONE,not present,not present,QUINOLONE,not present,not present,not present,not present,not present,not present,not present,not present,not present,not present,COLISTIN,not present,not present,SULFONAMIDE,SULFONAMIDE,not present,TETRACYCLINE,not present,not present,not present
EC32,not present,not present,not present,not present,not present,not present,not present,not present,not present,not present,not present,not present,not present,not present,not present,not present,not present,not present,not present,not present,BETA-LACTAM,not present,not present,not present,not present,not present,not present,MULTIDRUG EFFLUX,MULTIDRUG EFFLUX,not present,not present,not present,not present,not present,not present,not present,not present,not present,not present,not present,not present,not present,not present,not present,not present,not present,not present,not present,FOSFOMYCIN,FOSFOMYCIN,FOSFOMYCIN,QUINOLONE,not present,QUINOLONE,not present,not present,QUINOLONE,not present,QUINOLONE,not present,not present,QUINOLONE,not present,not present,not present,not present,not present,not present,not present,not present,not present,not present,COLISTIN,not present,not present,not present,not present,not present,not present,not present,not present,not present
EC38,not present,not present,not present,not present,not present,not present,not present,not present,not present,not present,not present,not present,not present,not present,not present,not present,not present,not present,not present,not present,BETA-LACTAM,not present,not present,not present,not present,not present,not present,MULTIDRUG EFFLUX,MULTIDRUG EFFLUX,not present,not present,not present,not present,not present,not present,not present,not present,not present,not present,not present,not present,not present,not present,not present,not present,not present,not present,not present,FOSFOMYCIN,FOSFOMYCIN,FOSFOMYCIN,QUINOLONE,not present,QUINOLONE,not present,not present,QUINOLONE,not present,QUINOLONE,not present,not present,QUINOLONE,not present,not present,not present,not present,not present,not present,not present,not present,not present,not present,COLISTIN,not present,not present,not present,not present,not present,not present,not present,not present,not present
EC64,not present,not present,not present,not present,not present,not present,not present,AMINOGLYCOSIDE,AMINOGLYCOSIDE,not present,AMINOGLYCOSIDE,not present,not present,not present,not present,not present,BETA-LACTAM,not present,not present,not present,BETA-LACTAM,not present,not present,not present,not present,not present,not present,MULTIDRUG EFFLUX,MULTIDRUG EFFLUX,not present,not present,not present,not present,not present,not present,not present,not present,not present,not present,not present,not present,TRIMETHOPRIM,not present,not present,not present,not present,not present,MACROLIDE,FOSFOMYCIN,FOSFOMYCIN,FOSFOMYCIN,QUINOLONE,not present,QUINOLONE,not present,not present,QUINOLONE,not present,QUINOLONE,not present,not present,QUINOLONE,not present,not present,not present,not present,not present,not present,not present,not present,not present,not present,COLISTIN,not present,not present,SULFONAMIDE,SULFONAMIDE,not present,TETRACYCLINE,not present,not present,not present
EC122,not present,not present,not present,not present,not present,not present,not present,AMINOGLYCOSIDE,AMINOGLYCOSIDE,not present,AMINOGLYCOSIDE,not present,not present,not present,not present,not present,BETA-LACTAM,not present,not present,not present,BETA-LACTAM,not present,not present,not present,not present,not present,not present,MULTIDRUG EFFLUX,MULTIDRUG EFFLUX,not present,not present,not present,not present,not present,not present,not present,not present,not present,not present,not present,not present,TRIMETHOPRIM,not present,not present,not present,not present,not present,MACROLIDE,FOSFOMYCIN,FOSFOMYCIN,FOSFOMYCIN,QUINOLONE,not present,QUINOLONE,not present,not present,QUINOLONE,not present,QUINOLONE,not present,not present,QUINOLONE,not present,not present,not present,not present,not present,not present,not present,not present,not present,not present,COLISTIN,not present,not present,SULFONAMIDE,SULFONAMIDE,not present,TETRACYCLINE,not present,not present,not present
EC45,not present,not present,not present,not present,AMINOGLYCOSIDE,not present,not present,not present,not present,not present,not present,not present,not present,not present,not present,not present,not present,not present,not present,not present,BETA-LACTAM,not present,not present,not present,not present,BETA-LACTAM,not present,MULTIDRUG EFFLUX,MULTIDRUG EFFLUX,not present,not present,not present,not present,not present,not present,not present,not present,not present,TRIMETHOPRIM,not present,not present,not present,not present,not present,not present,not present,not present,not present,FOSFOMYCIN,FOSFOMYCIN,FOSFOMYCIN,QUINOLONE,not present,QUINOLONE,not present,not present,QUINOLONE,not present,QUINOLONE,not present,not present,QUINOLONE,not present,not present,not present,not present,not present,not present,not present,not present,not present,not present,COLISTIN,not present,STREPTOTHRICIN,not present,SULFONAMIDE,not present,not present,TETRACYCLINE,not present,not present
EC7,not present,not present,not present,not present,not present,not present,not present,not present,not present,not present,not present,not present,not present,not present,not present,not present,not present,not present,not present,not present,BETA-LACTAM,not present,not present,not present,not present,BETA-LACTAM,not present,MULTIDRUG EFFLUX,MULTIDRUG EFFLUX,not present,not present,not present,not present,not present,not present,not present,not present,not present,not present,not present,not present,not present,not present,not present,not present,not present,not present,not present,FOSFOMYCIN,FOSFOMYCIN,FOSFOMYCIN,QUINOLONE,not present,QUINOLONE,not present,not present,QUINOLONE,not present,QUINOLONE,not present,not present,QUINOLONE,not present,not present,not present,not present,not present,not present,not present,not present,not present,not present,COLISTIN,not present,not present,not present,not present,not present,not present,not present,not present,not present
EC5,not present,not present,not present,not present,not present,not present,not present,not present,not present,not present,not present,not present,not present,not present,not present,not present,not present,not present,not present,not present,BETA-LACTAM,not present,not present,not present,not present,BETA-LACTAM,not present,MULTIDRUG EFFLUX,MULTIDRUG EFFLUX,not present,not present,not present,not present,not present,not present,not present,not present,not present,not present,not present,not present,not present,not present,not present,not present,not present,not present,not present,FOSFOMYCIN,FOSFOMYCIN,FOSFOMYCIN,QUINOLONE,not present,QUINOLONE,not present,not present,QUINOLONE,not present,QUINOLONE,not present,not present,QUINOLONE,not present,not present,not present,not present,not present,not present,not present,not present,not present,not present,COLISTIN,not present,not present,not present,not present,not present,not present,not present,not present,not present
EC23,not present,not present,not present,not present,not present,not present,not present,AMINOGLYCOSIDE,AMINOGLYCOSIDE,not present,AMINOGLYCOSIDE,not present,not present,not present,not present,not present,not present,not present,not present,not present,BETA-LACTAM,not present,not present,not present,not present,BETA-LACTAM,not present,MULTIDRUG EFFLUX,MULTIDRUG EFFLUX,not present,not present,not present,not present,not present,not present,not present,not present,not present,not present,not present,not present,TRIMETHOPRIM,not present,not present,not present,not present,not present,MACROLIDE,FOSFOMYCIN,FOSFOMYCIN,FOSFOMYCIN,QUINOLONE,not present,QUINOLONE,not present,not present,QUINOLONE,not present,QUINOLONE,not present,not present,QUINOLONE,not present,not present,not present,not present,not present,not present,not present,not present,not present,not present,COLISTIN,not present,not present,SULFONAMIDE,SULFONAMIDE,not present,TETRACYCLINE,not present,not present,not present
EC42,not present,not present,not present,not present,not present,not present,not present,not present,not present,not present,not present,not present,not present,not present,not present,not present,not present,not present,not present,not present,BETA-LACTAM,not present,not present,not present,not present,not present,not present,MULTIDRUG EFFLUX,MULTIDRUG EFFLUX,not present,not present,not present,not present,not present,not present,not present,not present,not present,not present,not present,not present,not present,not present,not present,not present,not present,not present,not present,FOSFOMYCIN,FOSFOMYCIN,FOSFOMYCIN,QUINOLONE,not present,QUINOLONE,not present,not present,QUINOLONE,not present,QUINOLONE,not present,not present,QUINOLONE,not present,not present,not present,not present,not present,not present,not present,not present,not present,not present,COLISTIN,not present,not present,not present,not present,not present,not present,not present,not present,not present
EC31,AMINOGLYCOSIDE,not present,not present,not present,not present,not present,not present,AMINOGLYCOSIDE,AMINOGLYCOSIDE,not present,AMINOGLYCOSIDE,not present,not present,not present,not present,not present,not present,not present,not present,not present,BETA-LACTAM,not present,not present,not present,not present,BETA-LACTAM,not present,MULTIDRUG EFFLUX,MULTIDRUG EFFLUX,not present,not present,not present,not present,not present,not present,not present,not present,not present,not present,not present,not present,TRIMETHOPRIM,not present,not present,not present,not present,not present,MACROLIDE,FOSFOMYCIN,FOSFOMYCIN,FOSFOMYCIN,QUINOLONE,not present,QUINOLONE,not present,not present,QUINOLONE,not present,QUINOLONE,not present,not present,QUINOLONE,not present,not present,not present,not present,not present,not present,not present,not present,not present,not present,COLISTIN,not present,not present,SULFONAMIDE,SULFONAMIDE,not present,TETRACYCLINE,not present,not present,not present
EC13,not present,not present,not present,not present,not present,not present,not present,AMINOGLYCOSIDE,AMINOGLYCOSIDE,not present,AMINOGLYCOSIDE,not present,not present,not present,not present,BETA-LACTAM,not present,not present,not present,not present,BETA-LACTAM,not present,not present,not present,not present,not present,not present,MULTIDRUG EFFLUX,MULTIDRUG EFFLUX,not present,not present,not present,not present,not present,not present,not present,not present,not present,not present,not present,not present,TRIMETHOPRIM,not present,not present,not present,not present,not present,MACROLIDE,FOSFOMYCIN,FOSFOMYCIN,FOSFOMYCIN,QUINOLONE,not present,QUINOLONE,not present,not present,QUINOLONE,not present,QUINOLONE,not present,not present,QUINOLONE,not present,not present,not present,not present,not present,not present,not present,not present,not present,not present,COLISTIN,not present,not present,SULFONAMIDE,SULFONAMIDE,not present,TETRACYCLINE,not present,not present,not present
EC111,not present,AMINOGLYCOSIDE,AMINOGLYCOSIDE/QUINOLONE,not present,not present,not present,not present,not present,not present,not present,not present,not present,not present,not present,not present,BETA-LACTAM,not present,not present,not present,not present,BETA-LACTAM,not present,BETA-LACTAM,not present,not present,not present,not present,MULTIDRUG EFFLUX,MULTIDRUG EFFLUX,not present,not present,not present,not present,not present,PHENICOL,not present,not present,not present,not present,not present,not present,not present,not present,not present,not present,not present,not present,not present,FOSFOMYCIN,FOSFOMYCIN,FOSFOMYCIN,QUINOLONE,not present,QUINOLONE,not present,not present,QUINOLONE,not present,QUINOLONE,not present,not present,QUINOLONE,not present,not present,not present,not present,not present,not present,not present,not present,not present,not present,COLISTIN,not present,not present,not present,not present,not present,not present,not present,not present,not present
EC109,not present,not present,AMINOGLYCOSIDE/QUINOLONE,not present,not present,not present,not present,not present,not present,not present,not present,not present,not present,not present,not present,BETA-LACTAM,not present,not present,not present,not present,BETA-LACTAM,not present,BETA-LACTAM,not present,not present,not present,not present,MULTIDRUG EFFLUX,MULTIDRUG EFFLUX,not present,not present,not present,not present,not present,PHENICOL,not present,not present,not present,not present,not present,not present,not present,not present,not present,not present,not present,not present,MACROLIDE,FOSFOMYCIN,FOSFOMYCIN,FOSFOMYCIN,QUINOLONE,not present,QUINOLONE,not present,not present,QUINOLONE,not present,QUINOLONE,not present,not present,QUINOLONE,not present,not present,not present,not present,not present,not present,not present,not present,not present,not present,COLISTIN,not present,not present,not present,not present,not present,TETRACYCLINE,not present,not present,not present
EC118,not present,AMINOGLYCOSIDE,AMINOGLYCOSIDE/QUINOLONE,not present,not present,not present,not present,not present,not present,not present,not present,not present,not present,not present,not present,BETA-LACTAM,not present,not present,not present,not present,BETA-LACTAM,not present,BETA-LACTAM,not present,not present,not present,not present,MULTIDRUG EFFLUX,not present,not present,not present,not present,not present,not present,PHENICOL,not present,not present,not present,not present,not present,not present,not present,not present,not present,not present,not present,not present,not present,FOSFOMYCIN,FOSFOMYCIN,FOSFOMYCIN,QUINOLONE,not present,QUINOLONE,not present,not present,QUINOLONE,not present,QUINOLONE,not present,not present,QUINOLONE,not present,not present,not present,not present,not present,not present,not present,not present,not present,not present,COLISTIN,not present,not present,not present,not present,not present,TETRACYCLINE,not present,not present,not present
EC17,not present,not present,not present,not present,not present,not present,not present,not present,not present,not present,not present,not present,not present,not present,BETA-LACTAM,not present,not present,not present,not present,not present,BETA-LACTAM,not present,not present,not present,not present,not present,not present,MULTIDRUG EFFLUX,MULTIDRUG EFFLUX,not present,not present,not present,not present,not present,not present,not present,not present,not present,not present,not present,not present,not present,not present,not present,not present,not present,not present,not present,FOSFOMYCIN,FOSFOMYCIN,FOSFOMYCIN,QUINOLONE,not present,QUINOLONE,not present,not present,QUINOLONE,not present,QUINOLONE,not present,not present,QUINOLONE,not present,not present,not present,not present,not present,not present,not present,not present,not present,not present,COLISTIN,not present,not present,not present,not present,not present,not present,not present,not present,not present
EC16,not present,not present,not present,not present,not present,not present,not present,not present,not present,not present,not present,not present,not present,not present,BETA-LACTAM,not present,not present,not present,not present,not present,BETA-LACTAM,not present,not present,not present,not present,not present,not present,MULTIDRUG EFFLUX,MULTIDRUG EFFLUX,not present,not present,not present,not present,not present,not present,not present,not present,not present,not present,not present,not present,not present,not present,not present,not present,not present,not present,not present,FOSFOMYCIN,FOSFOMYCIN,FOSFOMYCIN,QUINOLONE,not present,QUINOLONE,not present,not present,QUINOLONE,not present,QUINOLONE,not present,not present,QUINOLONE,not present,not present,not present,not present,not present,not present,not present,not present,not present,not present,COLISTIN,not present,not present,not present,not present,not present,not present,not present,not present,not present
EC121,not present,not present,not present,not present,not present,not present,not present,AMINOGLYCOSIDE,AMINOGLYCOSIDE,not present,AMINOGLYCOSIDE,not present,not present,not present,not present,not present,BETA-LACTAM,not present,not present,not present,BETA-LACTAM,not present,not present,not present,not present,not present,not present,MULTIDRUG EFFLUX,MULTIDRUG EFFLUX,not present,not present,not present,not present,not present,not present,not present,not present,not present,not present,not present,not present,TRIMETHOPRIM,not present,not present,not present,not present,not present,MACROLIDE,FOSFOMYCIN,FOSFOMYCIN,FOSFOMYCIN,QUINOLONE,not present,QUINOLONE,not present,not present,QUINOLONE,not present,QUINOLONE,not present,not present,QUINOLONE,not present,not present,not present,not present,not present,not present,not present,not present,not present,not present,COLISTIN,not present,not present,SULFONAMIDE,SULFONAMIDE,not present,TETRACYCLINE,not present,not present,not present
EC6,not present,not present,not present,not present,AMINOGLYCOSIDE,not present,not present,not present,AMINOGLYCOSIDE,not present,AMINOGLYCOSIDE,not present,not present,not present,not present,BETA-LACTAM,not present,not present,not present,not present,BETA-LACTAM,not present,not present,not present,not present,not present,not present,MULTIDRUG EFFLUX,MULTIDRUG EFFLUX,not present,not present,not present,not present,not present,not present,not present,not present,not present,TRIMETHOPRIM,not present,not present,not present,not present,not present,not present,not present,not present,not present,FOSFOMYCIN,not present,not present,not present,not present,QUINOLONE,not present,not present,not present,not present,not present,not present,not present,not present,not present,not present,not present,not present,not present,not present,not present,not present,not present,not present,COLISTIN,not present,STREPTOTHRICIN,not present,SULFONAMIDE,not present,not present,not present,not present,not present
EC48,not present,not present,not present,not present,not present,not present,not present,not present,not present,not present,not present,not present,not present,not present,not present,not present,not present,not present,not present,not present,not present,BETA-LACTAM,not present,not present,not present,BETA-LACTAM,not present,MULTIDRUG EFFLUX,not present,MULTIDRUG,not present,not present,not present,not present,not present,not present,not present,not present,not present,not present,not present,not present,not present,not present,not present,not present,not present,not present,not present,FOSFOMYCIN,not present,QUINOLONE,not present,QUINOLONE,not present,not present,not present,not present,QUINOLONE,not present,not present,not present,QUINOLONE,not present,not present,not present,not present,not present,not present,not present,not present,not present,COLISTIN,not present,not present,not present,not present,not present,not present,not present,not present,not present
EC24,not present,not present,not present,not present,not present,not present,not present,not present,AMINOGLYCOSIDE,not present,AMINOGLYCOSIDE,not present,not present,not present,not present,not present,not present,not present,not present,not present,not present,BETA-LACTAM,not present,not present,BETA-LACTAM,not present,not present,MULTIDRUG EFFLUX,not present,MULTIDRUG,not present,not present,not present,not present,not present,not present,not present,not present,not present,not present,TRIMETHOPRIM,not present,not present,not present,not present,not present,not present,not present,not present,FOSFOMYCIN,not present,QUINOLONE,not present,QUINOLONE,not present,not present,not present,not present,QUINOLONE,not present,not present,not present,QUINOLONE,not present,not present,not present,not present,not present,not present,not present,not present,not present,COLISTIN,not present,not present,not present,SULFONAMIDE,not present,TETRACYCLINE,not present,not present,not present
EC9,not present,not present,not present,not present,not present,not present,not present,not present,AMINOGLYCOSIDE,not present,AMINOGLYCOSIDE,not present,not present,not present,not present,not present,not present,not present,not present,not present,not present,BETA-LACTAM,not present,not present,BETA-LACTAM,not present,not present,MULTIDRUG EFFLUX,not present,MULTIDRUG,not present,not present,not present,not present,not present,not present,not present,not present,not present,not present,TRIMETHOPRIM,not present,not present,not present,not present,not present,not present,not present,not present,FOSFOMYCIN,not present,QUINOLONE,not present,QUINOLONE,not present,not present,not present,not present,QUINOLONE,not present,not present,not present,QUINOLONE,not present,not present,not present,not present,not present,not present,not present,not present,not present,COLISTIN,not present,not present,not present,SULFONAMIDE,not present,TETRACYCLINE,not present,not present,not present
EC63,not present,not present,not present,not present,not present,not present,not present,not present,AMINOGLYCOSIDE,not present,AMINOGLYCOSIDE,not present,not present,not present,not present,not present,not present,not present,not present,not present,not present,BETA-LACTAM,not present,not present,not present,BETA-LACTAM,not present,MULTIDRUG EFFLUX,not present,MULTIDRUG,not present,not present,not present,not present,not present,not present,not present,not present,not present,not present,not present,not present,not present,not present,not present,not present,not present,not present,not present,FOSFOMYCIN,not present,QUINOLONE,not present,QUINOLONE,not present,not present,not present,not present,QUINOLONE,not present,not present,not present,QUINOLONE,not present,not present,not present,not present,not present,not present,not present,not present,not present,COLISTIN,not present,not present,not present,SULFONAMIDE,not present,not present,not present,not present,not present
EC26,not present,not present,not present,not present,not present,not present,not present,not present,AMINOGLYCOSIDE,not present,AMINOGLYCOSIDE,not present,not present,not present,not present,not present,not present,not present,not present,not present,not present,BETA-LACTAM,not present,not present,not present,BETA-LACTAM,not present,MULTIDRUG EFFLUX,not present,MULTIDRUG,not present,not present,not present,not present,not present,not present,not present,not present,not present,not present,not present,TRIMETHOPRIM,not present,not present,not present,not present,not present,not present,not present,FOSFOMYCIN,not present,QUINOLONE,not present,QUINOLONE,not present,not present,not present,not present,QUINOLONE,not present,not present,not present,QUINOLONE,not present,not present,not present,not present,not present,not present,not present,not present,not present,COLISTIN,not present,not present,not present,SULFONAMIDE,not present,not present,TETRACYCLINE,not present,not present
EC73,not present,not present,not present,not present,not present,not present,not present,not present,not present,not present,not present,not present,not present,not present,not present,not present,not present,not present,not present,not present,not present,BETA-LACTAM,not present,not present,not present,not present,not present,MULTIDRUG EFFLUX,not present,MULTIDRUG,not present,not present,not present,not present,not present,not present,not present,not present,not present,not present,not present,not present,not present,not present,not present,not present,not present,not present,not present,FOSFOMYCIN,not present,QUINOLONE,not present,QUINOLONE,not present,not present,not present,not present,QUINOLONE,not present,not present,not present,QUINOLONE,not present,not present,not present,not present,not present,not present,not present,not present,not present,COLISTIN,not present,not present,not present,not present,not present,not present,not present,not present,not present
EC60,not present,not present,not present,not present,not present,not present,not present,not present,not present,not present,not present,not present,not present,not present,not present,not present,not present,not present,not present,not present,not present,BETA-LACTAM,not present,not present,not present,BETA-LACTAM,not present,MULTIDRUG EFFLUX,not present,MULTIDRUG,not present,not present,not present,not present,not present,not present,not present,not present,not present,not present,not present,not present,not present,not present,not present,not present,not present,not present,not present,FOSFOMYCIN,not present,QUINOLONE,not present,QUINOLONE,not present,not present,not present,not present,QUINOLONE,not present,not present,not present,QUINOLONE,not present,not present,not present,not present,not present,not present,not present,not present,not present,COLISTIN,not present,not present,not present,not present,not present,not present,not present,not present,not present
EC113,not present,not present,not present,not present,not present,not present,not present,AMINOGLYCOSIDE,AMINOGLYCOSIDE,not present,AMINOGLYCOSIDE,not present,not present,not present,not present,not present,BETA-LACTAM,not present,not present,not present,BETA-LACTAM,not present,not present,not present,not present,BETA-LACTAM,not present,MULTIDRUG EFFLUX,MULTIDRUG EFFLUX,MULTIDRUG,not present,not present,not present,not present,not present,not present,not present,not present,not present,not present,not present,TRIMETHOPRIM,not present,not present,not present,not present,not present,MACROLIDE,FOSFOMYCIN,not present,not present,not present,not present,not present,not present,not present,not present,not present,not present,not present,not present,not present,not present,not present,not present,not present,not present,not present,not present,not present,not present,not present,COLISTIN,not present,not present,SULFONAMIDE,SULFONAMIDE,not present,TETRACYCLINE,not present,not present,not present
EC36,not present,not present,not present,not present,not present,not present,not present,not present,not present,not present,not present,not present,not present,not present,BETA-LACTAM,not present,not present,not present,not present,not present,BETA-LACTAM,not present,not present,not present,not present,BETA-LACTAM,not present,MULTIDRUG EFFLUX,not present,not present,not present,not present,not present,not present,not present,not present,not present,FOSMIDOMYCIN,not present,not present,not present,not present,not present,not present,not present,not present,not present,not present,FOSFOMYCIN,not present,not present,QUINOLONE,not present,QUINOLONE,not present,QUINOLONE,not present,not present,QUINOLONE,not present,not present,not present,not present,not present,not present,not present,not present,not present,not present,not present,not present,not present,not present,not present,not present,not present,not present,not present,not present,not present,not present,not present
EC8,not present,not present,not present,not present,not present,not present,not present,not present,AMINOGLYCOSIDE,not present,AMINOGLYCOSIDE,not present,not present,not present,not present,not present,not present,not present,not present,not present,BETA-LACTAM,not present,not present,not present,not present,not present,not present,MULTIDRUG EFFLUX,not present,not present,not present,not present,not present,not present,not present,not present,not present,FOSMIDOMYCIN,not present,not present,not present,not present,not present,not present,not present,not present,not present,not present,FOSFOMYCIN,not present,not present,QUINOLONE,not present,QUINOLONE,not present,QUINOLONE,not present,not present,QUINOLONE,not present,not present,not present,not present,not present,not present,not present,not present,not present,not present,not present,not present,not present,not present,not present,not present,not present,SULFONAMIDE,not present,TETRACYCLINE,not present,not present,not present
EC99,not present,AMINOGLYCOSIDE,AMINOGLYCOSIDE/QUINOLONE,not present,not present,AMINOGLYCOSIDE,not present,not present,AMINOGLYCOSIDE,AMINOGLYCOSIDE,AMINOGLYCOSIDE,not present,not present,not present,not present,BETA-LACTAM,not present,not present,not present,not present,BETA-LACTAM,not present,BETA-LACTAM,not present,not present,BETA-LACTAM,not present,MULTIDRUG EFFLUX,MULTIDRUG EFFLUX,not present,not present,not present,PHENICOL,not present,PHENICOL,not present,not present,FOSMIDOMYCIN,not present,TRIMETHOPRIM,not present,not present,not present,not present,not present,not present,not present,MACROLIDE,FOSFOMYCIN,not present,not present,QUINOLONE,not present,QUINOLONE,not present,not present,not present,not present,QUINOLONE,not present,not present,not present,not present,not present,QUINOLONE,not present,not present,not present,not present,not present,not present,not present,not present,not present,not present,SULFONAMIDE,SULFONAMIDE,not present,TETRACYCLINE,not present,not present,not present
EC46,not present,not present,AMINOGLYCOSIDE/QUINOLONE,not present,not present,not present,not present,AMINOGLYCOSIDE,not present,not present,not present,not present,not present,not present,not present,not present,not present,not present,not present,not present,BETA-LACTAM,not present,BETA-LACTAM,not present,not present,not present,not present,MULTIDRUG EFFLUX,MULTIDRUG EFFLUX,not present,RIFAMYCIN,not present,PHENICOL,not present,PHENICOL,not present,not present,FOSMIDOMYCIN,not present,not present,not present,TRIMETHOPRIM,not present,not present,not present,not present,not present,MACROLIDE,FOSFOMYCIN,not present,not present,QUINOLONE,not present,QUINOLONE,not present,not present,not present,not present,QUINOLONE,not present,not present,not present,not present,not present,QUINOLONE,not present,not present,not present,not present,not present,not present,not present,not present,not present,not present,SULFONAMIDE,not present,not present,not present,TETRACYCLINE,not present,not present
EC69,not present,not present,not present,not present,not present,not present,not present,AMINOGLYCOSIDE,AMINOGLYCOSIDE,not present,AMINOGLYCOSIDE,not present,not present,not present,not present,not present,BETA-LACTAM,not present,not present,not present,BETA-LACTAM,not present,not present,not present,not present,not present,not present,MULTIDRUG EFFLUX,MULTIDRUG EFFLUX,not present,not present,not present,not present,not present,not present,not present,not present,FOSMIDOMYCIN,not present,not present,not present,TRIMETHOPRIM,not present,not present,not present,not present,not present,MACROLIDE,FOSFOMYCIN,not present,not present,not present,not present,not present,not present,not present,not present,not present,not present,not present,not present,not present,not present,not present,not present,not present,not present,not present,not present,not present,not present,not present,not present,not present,not present,SULFONAMIDE,SULFONAMIDE,not present,TETRACYCLINE,not present,not present,not present
EC88,not present,not present,not present,not present,not present,not present,not present,AMINOGLYCOSIDE,AMINOGLYCOSIDE,not present,AMINOGLYCOSIDE,not present,not present,not present,not present,not present,BETA-LACTAM,not present,not present,not present,BETA-LACTAM,not present,not present,not present,not present,not present,not present,MULTIDRUG EFFLUX,MULTIDRUG EFFLUX,not present,not present,not present,not present,not present,not present,not present,not present,FOSMIDOMYCIN,not present,not present,not present,TRIMETHOPRIM,not present,not present,not present,not present,not present,MACROLIDE,FOSFOMYCIN,not present,not present,not present,not present,not present,not present,not present,not present,not present,not present,not present,not present,not present,not present,not present,not present,not present,not present,not present,not present,not present,not present,not present,not present,not present,not present,SULFONAMIDE,SULFONAMIDE,not present,TETRACYCLINE,not present,not present,not present
EC21,not present,not present,not present,not present,not present,not present,not present,not present,AMINOGLYCOSIDE,not present,AMINOGLYCOSIDE,not present,not present,not present,not present,not present,not present,not present,not present,not present,BETA-LACTAM,not present,not present,not present,not present,BETA-LACTAM,not present,MULTIDRUG EFFLUX,MULTIDRUG EFFLUX,not present,not present,not present,not present,not present,not present,not present,not present,FOSMIDOMYCIN,not present,not present,TRIMETHOPRIM,not present,not present,not present,not present,not present,not present,MACROLIDE,FOSFOMYCIN,not present,not present,QUINOLONE,not present,QUINOLONE,not present,not present,not present,not present,QUINOLONE,not present,not present,not present,not present,not present,not present,not present,not present,not present,not present,not present,not present,not present,not present,not present,not present,not present,SULFONAMIDE,not present,not present,TETRACYCLINE,not present,not present
EC4,not present,AMINOGLYCOSIDE,not present,not present,not present,not present,not present,AMINOGLYCOSIDE,not present,not present,not present,not present,not present,not present,not present,not present,BETA-LACTAM,not present,not present,not present,BETA-LACTAM,not present,not present,not present,BETA-LACTAM,not present,not present,MULTIDRUG EFFLUX,MULTIDRUG EFFLUX,not present,not present,not present,not present,not present,not present,not present,not present,FOSMIDOMYCIN,not present,not present,not present,TRIMETHOPRIM,not present,not present,not present,not present,not present,MACROLIDE,FOSFOMYCIN,not present,not present,not present,not present,QUINOLONE,not present,not present,not present,not present,not present,not present,not present,not present,not present,not present,not present,not present,not present,not present,not present,not present,not present,not present,not present,not present,not present,SULFONAMIDE,not present,not present,not present,not present,not present,not present
EC37,AMINOGLYCOSIDE,not present,not present,not present,not present,not present,not present,not present,AMINOGLYCOSIDE,not present,not present,not present,not present,not present,not present,not present,not present,not present,not present,BETA-LACTAM,BETA-LACTAM,not present,not present,not present,not present,BETA-LACTAM,not present,MULTIDRUG EFFLUX,MULTIDRUG EFFLUX,not present,not present,not present,not present,not present,not present,not present,not present,FOSMIDOMYCIN,not present,not present,not present,TRIMETHOPRIM,not present,not present,not present,not present,not present,MACROLIDE,FOSFOMYCIN,FOSFOMYCIN,not present,QUINOLONE,not present,QUINOLONE,not present,not present,not present,QUINOLONE,QUINOLONE,not present,not present,not present,QUINOLONE,not present,not present,not present,not present,QUINOLONE,not present,not present,not present,not present,not present,not present,not present,SULFONAMIDE,SULFONAMIDE,not present,not present,TETRACYCLINE,not present,not present
EC39,AMINOGLYCOSIDE,not present,not present,not present,not present,not present,not present,not present,AMINOGLYCOSIDE,not present,not present,not present,not present,not present,not present,not present,not present,not present,not present,BETA-LACTAM,BETA-LACTAM,not present,not present,not present,not present,BETA-LACTAM,not present,MULTIDRUG EFFLUX,MULTIDRUG EFFLUX,not present,not present,not present,not present,not present,not present,not present,not present,FOSMIDOMYCIN,not present,not present,not present,TRIMETHOPRIM,not present,not present,not present,not present,not present,MACROLIDE,FOSFOMYCIN,FOSFOMYCIN,not present,QUINOLONE,not present,QUINOLONE,not present,not present,not present,QUINOLONE,QUINOLONE,not present,not present,not present,QUINOLONE,not present,not present,not present,not present,QUINOLONE,not present,not present,not present,not present,not present,not present,not present,SULFONAMIDE,SULFONAMIDE,not present,not present,TETRACYCLINE,not present,not present
EC44,not present,not present,not present,not present,not present,not present,not present,AMINOGLYCOSIDE,not present,not present,not present,not present,not present,not present,not present,not present,BETA-LACTAM,not present,not present,not present,BETA-LACTAM,not present,not present,not present,not present,not present,not present,MULTIDRUG EFFLUX,MULTIDRUG EFFLUX,not present,not present,not present,not present,not present,not present,not present,not present,not present,not present,not present,not present,TRIMETHOPRIM,not present,not present,not present,not present,MACROLIDE,MACROLIDE,FOSFOMYCIN,not present,not present,not present,not present,not present,not present,not present,not present,not present,not present,not present,not present,not present,not present,not present,not present,not present,not present,not present,not present,not present,not present,not present,not present,COLISTIN,not present,SULFONAMIDE,not present,not present,not present,not present,not present,not present
EC114,not present,not present,AMINOGLYCOSIDE/QUINOLONE,not present,not present,not present,not present,not present,not present,not present,not present,not present,not present,not present,not present,BETA-LACTAM,not present,not present,not present,not present,BETA-LACTAM,not present,BETA-LACTAM,not present,not present,not present,BETA-LACTAM,MULTIDRUG EFFLUX,MULTIDRUG EFFLUX,not present,not present,not present,not present,not present,PHENICOL,not present,not present,not present,not present,not present,not present,not present,not present,not present,not present,not present,not present,MACROLIDE,FOSFOMYCIN,not present,not present,QUINOLONE,not present,QUINOLONE,not present,not present,not present,not present,QUINOLONE,not present,not present,not present,not present,not present,QUINOLONE,not present,not present,not present,not present,not present,not present,not present,not present,COLISTIN,not present,not present,not present,not present,TETRACYCLINE,not present,not present,not present
EC58,not present,not present,not present,not present,not present,not present,not present,not present,AMINOGLYCOSIDE,not present,AMINOGLYCOSIDE,not present,not present,not present,not present,not present,not present,BETA-LACTAM,not present,not present,BETA-LACTAM,not present,not present,not present,not present,BETA-LACTAM,not present,MULTIDRUG EFFLUX,MULTIDRUG EFFLUX,not present,not present,not present,not present,not present,not present,not present,not present,not present,not present,not present,not present,not present,not present,TRIMETHOPRIM,not present,not present,not present,not present,FOSFOMYCIN,not present,not present,QUINOLONE,not present,QUINOLONE,not present,not present,not present,not present,QUINOLONE,not present,not present,not present,not present,not present,QUINOLONE,not present,not present,not present,not present,not present,not present,not present,not present,COLISTIN,not present,not present,SULFONAMIDE,not present,TETRACYCLINE,not present,not present,not present
EC53,not present,not present,not present,not present,not present,not present,not present,not present,not present,not present,not present,not present,not present,not present,not present,not present,not present,not present,not present,not present,BETA-LACTAM,not present,not present,not present,not present,not present,not present,MULTIDRUG EFFLUX,MULTIDRUG EFFLUX,not present,not present,not present,not present,not present,not present,not present,not present,not present,not present,not present,not present,not present,not present,not present,not present,not present,not present,not present,FOSFOMYCIN,not present,not present,QUINOLONE,not present,QUINOLONE,not present,not present,not present,not present,QUINOLONE,not present,not present,not present,not present,not present,QUINOLONE,not present,not present,not present,not present,not present,not present,not present,not present,COLISTIN,not present,not present,not present,not present,not present,not present,not present,not present
EC116,not present,not present,not present,not present,AMINOGLYCOSIDE,AMINOGLYCOSIDE,not present,not present,not present,not present,not present,BETA-LACTAM,not present,not present,not present,not present,not present,not present,not present,not present,BETA-LACTAM,not present,not present,not present,not present,not present,not present,MULTIDRUG EFFLUX,MULTIDRUG EFFLUX,not present,not present,not present,not present,not present,not present,PHENICOL,not present,not present,not present,TRIMETHOPRIM,not present,not present,not present,not present,not present,not present,not present,not present,FOSFOMYCIN,FOSFOMYCIN,not present,QUINOLONE,not present,QUINOLONE,not present,not present,not present,not present,QUINOLONE,not present,not present,not present,not present,not present,QUINOLONE,not present,not present,not present,not present,not present,not present,not present,not present,COLISTIN,not present,not present,not present,SULFONAMIDE,not present,not present,not present,not present
EC55,not present,not present,not present,not present,AMINOGLYCOSIDE,AMINOGLYCOSIDE,not present,not present,not present,not present,not present,BETA-LACTAM,not present,not present,not present,not present,not present,not present,not present,not present,BETA-LACTAM,not present,not present,not present,not present,not present,not present,MULTIDRUG EFFLUX,MULTIDRUG EFFLUX,not present,not present,not present,not present,not present,not present,PHENICOL,not present,not present,not present,TRIMETHOPRIM,not present,not present,not present,not present,not present,not present,not present,not present,FOSFOMYCIN,FOSFOMYCIN,not present,QUINOLONE,not present,QUINOLONE,not present,not present,not present,not present,QUINOLONE,not present,not present,not present,not present,not present,QUINOLONE,not present,not present,not present,not present,not present,not present,not present,not present,COLISTIN,not present,not present,not present,SULFONAMIDE,not present,not present,not present,not present
EC56,not present,not present,not present,not present,AMINOGLYCOSIDE,AMINOGLYCOSIDE,not present,not present,not present,not present,not present,BETA-LACTAM,not present,not present,not present,not present,not present,not present,not present,not present,BETA-LACTAM,not present,not present,not present,not present,not present,not present,MULTIDRUG EFFLUX,MULTIDRUG EFFLUX,not present,not present,not present,not present,not present,not present,PHENICOL,not present,not present,not present,TRIMETHOPRIM,not present,not present,not present,not present,not present,not present,not present,not present,FOSFOMYCIN,FOSFOMYCIN,not present,QUINOLONE,not present,QUINOLONE,not present,not present,not present,not present,QUINOLONE,not present,not present,not present,not present,not present,QUINOLONE,not present,not present,not present,not present,not present,not present,not present,not present,COLISTIN,not present,not present,not present,SULFONAMIDE,not present,not present,not present,not present
EC22,not present,not present,not present,not present,not present,not present,not present,AMINOGLYCOSIDE,not present,not present,not present,not present,not present,not present,not present,not present,not present,not present,not present,not present,BETA-LACTAM,not present,not present,not present,not present,not present,not present,MULTIDRUG EFFLUX,MULTIDRUG EFFLUX,not present,not present,not present,not present,not present,not present,not present,not present,not present,not present,not present,not present,TRIMETHOPRIM,not present,not present,not present,not present,not present,not present,FOSFOMYCIN,FOSFOMYCIN,not present,QUINOLONE,not present,QUINOLONE,not present,not present,not present,not present,QUINOLONE,not present,not present,not present,not present,not present,QUINOLONE,not present,not present,not present,not present,not present,not present,not present,not present,COLISTIN,not present,not present,not present,not present,TETRACYCLINE,not present,not present,not present
EC67,AMINOGLYCOSIDE,not present,not present,not present,AMINOGLYCOSIDE,AMINOGLYCOSIDE,not present,not present,not present,not present,not present,not present,not present,not present,not present,not present,not present,not present,not present,not present,BETA-LACTAM,not present,not present,not present,not present,not present,not present,MULTIDRUG EFFLUX,MULTIDRUG EFFLUX,not present,not present,not present,not present,not present,not present,PHENICOL,PHENICOL,not present,not present,TRIMETHOPRIM,not present,not present,not present,not present,not present,not present,not present,not present,FOSFOMYCIN,not present,not present,not present,not present,QUINOLONE,not present,not present,not present,not present,QUINOLONE,not present,not present,not present,not present,not present,not present,QUINOLONE,not present,not present,not present,LINCOSAMIDE,not present,not present,not present,not present,not present,not present,SULFONAMIDE,not present,TETRACYCLINE,not present,not present,TETRACYCLINE
EC112,AMINOGLYCOSIDE,not present,not present,not present,not present,not present,AMINOGLYCOSIDE,not present,not present,AMINOGLYCOSIDE,AMINOGLYCOSIDE,not present,not present,not present,not present,not present,not present,not present,BETA-LACTAM,not present,BETA-LACTAM,not present,not present,not present,not present,not present,not present,MULTIDRUG EFFLUX,MULTIDRUG EFFLUX,not present,not present,RIFAMYCIN,not present,not present,not present,not present,PHENICOL,not present,not present,not present,TRIMETHOPRIM,not present,not present,not present,not present,not present,not present,MACROLIDE,FOSFOMYCIN,not present,not present,QUINOLONE,not present,QUINOLONE,not present,QUINOLONE,not present,not present,QUINOLONE,not present,not present,not present,not present,not present,not present,not present,not present,not present,QUINOLONE,LINCOSAMIDE,not present,not present,not present,COLISTIN,not present,not present,not present,SULFONAMIDE,TETRACYCLINE,not present,not present,not present
EC34,not present,not present,not present,not present,not present,not present,not present,not present,AMINOGLYCOSIDE,not present,AMINOGLYCOSIDE,not present,not present,not present,not present,not present,not present,not present,BETA-LACTAM,not present,BETA-LACTAM,not present,not present,not present,not present,not present,not present,MULTIDRUG EFFLUX,MULTIDRUG EFFLUX,not present,not present,not present,not present,not present,not present,not present,PHENICOL,not present,not present,not present,not present,not present,not present,not present,not present,not present,not present,not present,FOSFOMYCIN,not present,not present,QUINOLONE,not present,QUINOLONE,not present,not present,not present,not present,QUINOLONE,not present,not present,not present,not present,not present,QUINOLONE,not present,not present,not present,not present,not present,not present,not present,not present,not present,not present,not present,SULFONAMIDE,not present,TETRACYCLINE,not present,not present,not present
EC52,not present,not present,not present,not present,not present,not present,not present,AMINOGLYCOSIDE,AMINOGLYCOSIDE,not present,AMINOGLYCOSIDE,not present,not present,not present,not present,not present,not present,not present,not present,not present,BETA-LACTAM,not present,not present,not present,not present,BETA-LACTAM,not present,MULTIDRUG EFFLUX,MULTIDRUG EFFLUX,not present,not present,not present,PHENICOL,not present,not present,not present,not present,not present,not present,not present,not present,TRIMETHOPRIM,not present,not present,not present,TRIMETHOPRIM,not present,not present,FOSFOMYCIN,not present,not present,QUINOLONE,not present,QUINOLONE,QUINOLONE,not present,not present,not present,QUINOLONE,not present,not present,not present,not present,not present,not present,not present,not present,not present,not present,not present,not present,not present,not present,not present,not present,SULFONAMIDE,SULFONAMIDE,not present,not present,TETRACYCLINE,not present,not present
EC57,AMINOGLYCOSIDE,not present,not present,not present,not present,not present,not present,AMINOGLYCOSIDE,AMINOGLYCOSIDE,not present,AMINOGLYCOSIDE,not present,not present,BETA-LACTAM,not present,not present,not present,not present,not present,not present,BETA-LACTAM,not present,not present,not present,not present,BETA-LACTAM,not present,MULTIDRUG EFFLUX,MULTIDRUG EFFLUX,not present,not present,not present,not present,not present,not present,not present,not present,not present,not present,not present,not present,TRIMETHOPRIM,not present,not present,not present,not present,MACROLIDE,not present,not present,not present,not present,QUINOLONE,not present,QUINOLONE,not present,not present,not present,not present,QUINOLONE,not present,QUINOLONE,not present,not present,not present,not present,not present,not present,not present,not present,not present,not present,not present,not present,not present,not present,SULFONAMIDE,SULFONAMIDE,not present,not present,not present,not present,not present
EC115,not present,not present,not present,not present,not present,not present,not present,not present,AMINOGLYCOSIDE,not present,AMINOGLYCOSIDE,not present,not present,not present,BETA-LACTAM,not present,not present,not present,not present,not present,BETA-LACTAM,not present,not present,not present,BETA-LACTAM,not present,not present,MULTIDRUG EFFLUX,MULTIDRUG EFFLUX,not present,not present,not present,PHENICOL,not present,not present,not present,not present,not present,not present,not present,not present,not present,not present,not present,TRIMETHOPRIM,not present,MACROLIDE,MACROLIDE,not present,not present,not present,not present,not present,QUINOLONE,not present,not present,not present,not present,not present,not present,not present,not present,not present,not present,not present,not present,not present,not present,not present,not present,not present,not present,not present,not present,not present,SULFONAMIDE,SULFONAMIDE,not present,TETRACYCLINE,not present,not present,not present
EC91,not present,not present,not present,not present,not present,not present,not present,not present,AMINOGLYCOSIDE,not present,AMINOGLYCOSIDE,not present,not present,not present,not present,not present,not present,not present,not present,not present,BETA-LACTAM,not present,not present,not present,not present,BETA-LACTAM,not present,MULTIDRUG EFFLUX,MULTIDRUG EFFLUX,not present,not present,not present,not present,not present,not present,not present,not present,not present,not present,not present,not present,not present,not present,not present,not present,not present,not present,not present,FOSFOMYCIN,not present,not present,QUINOLONE,not present,QUINOLONE,not present,not present,not present,not present,QUINOLONE,not present,not present,not present,not present,not present,QUINOLONE,not present,not present,not present,not present,not present,not present,not present,not present,not present,not present,not present,not present,not present,not present,TETRACYCLINE,not present,not present
EC82,not present,not present,not present,not present,not present,not present,not present,not present,not present,not present,not present,not present,not present,not present,not present,BETA-LACTAM,not present,not present,not present,not present,BETA-LACTAM,not present,not present,not present,not present,not present,not present,MULTIDRUG EFFLUX,MULTIDRUG EFFLUX,not present,not present,not present,not present,not present,not present,not present,not present,FOSMIDOMYCIN,not present,not present,not present,not present,not present,not present,not present,not present,not present,not present,FOSFOMYCIN,not present,not present,not present,not present,not present,not present,not present,not present,not present,not present,not present,not present,not present,not present,not present,not present,not present,not present,not present,QUINOLONE,not present,not present,not present,not present,not present,not present,not present,not present,not present,not present,not present,not present,not present
EC123,not present,not present,not present,AMINOGLYCOSIDE,not present,AMINOGLYCOSIDE,not present,not present,AMINOGLYCOSIDE,not present,AMINOGLYCOSIDE,not present,not present,not present,not present,not present,not present,not present,not present,not present,BETA-LACTAM,not present,not present,BETA-LACTAM,not present,BETA-LACTAM,not present,MULTIDRUG EFFLUX,not present,not present,not present,not present,not present,PHENICOL,not present,not present,not present,not present,not present,not present,not present,not present,TRIMETHOPRIM,not present,not present,not present,not present,not present,FOSFOMYCIN,FOSFOMYCIN,not present,not present,not present,not present,not present,not present,not present,not present,not present,not present,not present,not present,not present,not present,not present,not present,QUINOLONE,not present,not present,not present,not present,COLISTIN,COLISTIN,not present,not present,SULFONAMIDE,SULFONAMIDE,not present,not present,not present,TETRACYCLINE,not present